"weight","source","source_id","source_name","target","target_id","target_name"
282,"507-Educational and Dacta",507,Educational and Dacta,"524-Service Packs",524,Service Packs
10,"696-Super Heroes Marvel",696,Super Heroes Marvel,"706-Spider-Man",706,Spider-Man
15,"507-Educational and Dacta",507,Educational and Dacta,"529-Technic",529,Technic
100,"504-Duplo",504,Duplo,"754-Disney",754,Disney
51,"695-Super Heroes DC",695,Super Heroes DC,"697-Batman",697,Batman
71,"206-Seasonal",206,Seasonal,"207-Advent",207,Advent
36,"206-Seasonal",206,Seasonal,"227-Christmas",227,Christmas
65,"507-Educational and Dacta",507,Educational and Dacta,"518-Mindstorms",518,Mindstorms
97,"504-Duplo",504,Duplo,"632-Town",632,Town
21,"186-Castle",186,Castle,"197-Knights Kingdom I",197,Knights Kingdom I
124,"695-Super Heroes DC",695,Super Heroes DC,"697-Batman",697,Batman
30,"126-Space",126,Space,"135-Life On Mars",135,Life On Mars
28,"52-City",52,City,"55-Coast Guard",55,Coast Guard
10,"112-Racers",112,Racers,"123-World Racers",123,World Racers
23,"507-Educational and Dacta",507,Educational and Dacta,"510-Serious Play",510,Serious Play
10,"296-Adventurers",296,Adventurers,"299-Jungle",299,Jungle
36,"400-Hero Factory",400,Hero Factory,"403-Villains",403,Villains
16,"571-Legends of Chima",571,Legends of Chima,"573-Constraction",573,Constraction
31,"206-Seasonal",206,Seasonal,"230-Halloween",230,Halloween
62,"52-City",52,City,"63-Traffic",63,Traffic
19,"535-Collectible Minifigures",535,Collectible Minifigures,"542-Series 7 Minifigures",542,Series 7 Minifigures
5,"307-Aquazone",307,Aquazone,"311-Aquasharks",311,Aquasharks
371,"501-Gear",501,Gear,"739-Stationery and Office Supplies",739,Stationery and Office Supplies
254,"497-Books",497,Books,"759-Story Books",759,Story Books
35,"435-Ninjago",435,Ninjago,"616-The LEGO Ninjago Movie",616,The LEGO Ninjago Movie
22,"52-City",52,City,"59-Harbor",59,Harbor
21,"112-Racers",112,Racers,"118-Promotional",118,Promotional
289,"501-Gear",501,Gear,"742-Video Games and Accessories",742,Video Games and Accessories
4,"126-Space",126,Space,"138-RoboForce",138,RoboForce
18,"408-LEGO Brand Store",408,LEGO Brand Store,"619-Cities of Wonders",619,Cities of Wonders
6,"324-Bionicle",324,Bionicle,"360-Protectors",360,Protectors
27,-,,,"264-Indiana Jones",264,Indiana Jones
31,-,,,"315-Atlantis",315,Atlantis
26,-,,,"475-Western",475,Western
52,-,,,"34-Make & Create",34,Make & Create
77,-,,,"601-Speed Champions",601,Speed Champions
19,-,,,"480-Znap",480,Znap
24,-,,,"570-Teenage Mutant Ninja Turtles",570,Teenage Mutant Ninja Turtles
27,-,,,"155-Modular Buildings",155,Modular Buildings
8,-,,,"575-The Lone Ranger",575,The Lone Ranger
21,-,,,"438-Power Functions",438,Power Functions
17,"598-Promotional",598,Promotional,"471-Ferries",471,Ferries
20,"126-Space",126,Space,"132-Futuron",132,Futuron
122,-,,,"580-Mixels",580,Mixels
278,-,,,"443-Service Packs",443,Service Packs
22,-,,,"363-Boat",363,Boat
11,-,,,"441-Quatro",441,Quatro
2,-,,,"607-Ghostbusters",607,Ghostbusters
25,"186-Castle",186,Castle,"196-Kingdoms",196,Kingdoms
12,"126-Space",126,Space,"146-Galaxy Squad",146,Galaxy Squad
16,"535-Collectible Minifigures",535,Collectible Minifigures,"762-Series 26 Minifigures",762,Series 26 Minifigures
21,"126-Space",126,Space,"141-Space Police III",141,Space Police III
9,"126-Space",126,Space,"131-Exploriens",131,Exploriens
15,"696-Super Heroes Marvel",696,Super Heroes Marvel,"704-Guardians of the Galaxy",704,Guardians of the Galaxy
9,-,,,"464-Time Cruisers",464,Time Cruisers
9,"504-Duplo",504,Duplo,"657-Action Wheelers",657,Action Wheelers
9,"504-Duplo",504,Duplo,"653-DC Comics",653,DC Comics
17,"535-Collectible Minifigures",535,Collectible Minifigures,"750-Marvel Series 2",750,Marvel Series 2
149,"365-System",365,System,"756-Samsonite",756,Samsonite
9,"126-Space",126,Space,"128-Blacktron I",128,Blacktron I
21,"535-Collectible Minifigures",535,Collectible Minifigures,"545-Series 10 Minifigures",545,Series 10 Minifigures
3,"411-Legoland",411,Legoland,"422-Space",422,Space
60,"504-Duplo",504,Duplo,"652-Playhouse",652,Playhouse
9,-,,,"474-Vikings",474,Vikings
11,"632-Town",632,Town,"636-My Town",636,My Town
4,"754-Disney",754,Disney,"648-Doc McStuffins",648,Doc McStuffins
1,"207-Advent",207,Advent,"212-Classic Basic",212,Classic Basic
28,"296-Adventurers",296,Adventurers,"300-Orient Expedition",300,Orient Expedition
48,"1-Technic",1,Technic,"4-Expert Builder",4,Expert Builder
7,"186-Castle",186,Castle,"194-Forestmen",194,Forestmen
6,"126-Space",126,Space,"139-Space Police I",139,Space Police I
69,"34-Make & Create",34,Make & Create,"35-Bricks & More",35,Bricks & More
12,"411-Legoland",411,Legoland,"421-Police",421,Police
85,"501-Gear",501,Gear,"736-Posters and Art Prints",736,Posters and Art Prints
9,"507-Educational and Dacta",507,Educational and Dacta,"517-Learning",517,Learning
17,"598-Promotional",598,Promotional,"729-Airlines",729,Airlines
18,"695-Super Heroes DC",695,Super Heroes DC,"700-Justice League",700,Justice League
25,"112-Racers",112,Racers,"122-RC",122,RC
103,"497-Books",497,Books,"757-Ideas Books",757,Ideas Books
2,"246-Harry Potter",246,Harry Potter,"667-Fantastic Beasts",667,Fantastic Beasts
15,"438-Power Functions",438,Power Functions,"655-Powered Up",655,Powered Up
23,"535-Collectible Minifigures",535,Collectible Minifigures,"675-The LEGO Movie II",675,The LEGO Movie II
19,"535-Collectible Minifigures",535,Collectible Minifigures,"540-Series 5 Minifigures",540,Series 5 Minifigures
30,"507-Educational and Dacta",507,Educational and Dacta,"528-Supplemental",528,Supplemental
19,"535-Collectible Minifigures",535,Collectible Minifigures,"691-Harry Potter and Fantastic Beasts Series 2",691,Harry Potter and Fantastic Beasts Series 2
76,"443-Service Packs",443,Service Packs,"456-Train",456,Train
21,"50-Town",50,Town,"87-Extreme Team",87,Extreme Team
6,"504-Duplo",504,Duplo,"659-Dolls",659,Dolls
65,-,,,"399-Freestyle",399,Freestyle
4,-,,,"717-Speed Racer",717,Speed Racer
24,-,,,"279-4 Juniors",279,"4 Juniors"
32,-,,,"695-Super Heroes DC",695,Super Heroes DC
12,-,,,"404-Hobby Sets",404,Hobby Sets
27,-,,,"686-Chinese Traditional Festivals",686,Chinese Traditional Festivals
36,"507-Educational and Dacta",507,Educational and Dacta,"533-Town",533,Town
24,"52-City",52,City,"60-Hospital",60,Hospital
19,"535-Collectible Minifigures",535,Collectible Minifigures,"551-Series 13 Minifigures",551,Series 13 Minifigures
20,"608-Disney",608,Disney,"263-Pirates of the Caribbean",263,Pirates of the Caribbean
474,-,,,"324-Bionicle",324,Bionicle
101,-,,,"602-Jurassic World",602,Jurassic World
19,-,,,"646-Xtra",646,Xtra
19,"296-Adventurers",296,Adventurers,"298-Dino Island",298,Dino Island
188,-,,,"716-Modulex",716,Modulex
19,"126-Space",126,Space,"134-Insectoids",134,Insectoids
7,"307-Aquazone",307,Aquazone,"312-Hydronauts",312,Hydronauts
4,"591-Juniors",591,Juniors,"596-Marvel Super Heroes",596,Marvel Super Heroes
7,"186-Castle",186,Castle,"187-Black Falcons",187,Black Falcons
10,"504-Duplo",504,Duplo,"660-Little Forest Friends",660,Little Forest Friends
8,-,,,"481-Dino",481,Dino
11,"458-Sports",458,Sports,"460-Gravity Games",460,Gravity Games
6,"411-Legoland",411,Legoland,"418-Gas Station",418,Gas Station
15,-,,,"272-SpongeBob SquarePants",272,SpongeBob SquarePants
282,"524-Service Packs",524,Service Packs,"525-Technic",525,Technic
10,"529-Technic",529,Technic,"530-Control Lab",530,Control Lab
16,"518-Mindstorms",518,Mindstorms,"520-RCX",520,RCX
6,"207-Advent",207,Advent,"710-Harry Potter",710,Harry Potter
1,"207-Advent",207,Advent,"215-Pirates",215,Pirates
200,"52-City",52,City,"61-Police",61,Police
223,"501-Gear",501,Gear,"737-Role Play Toys and Costumes",737,Role Play Toys and Costumes
22,"258-Mindstorms",258,Mindstorms,"260-RCX",260,RCX
166,"501-Gear",501,Gear,"740-Storage",740,Storage
40,"52-City",52,City,"53-Airport",53,Airport
15,"302-Agents",302,Agents,"303-Ultra Agents",303,Ultra Agents
15,"608-Disney",608,Disney,"388-Mickey Mouse",388,Mickey Mouse
3,"411-Legoland",411,Legoland,"419-Harbor",419,Harbor
18,"411-Legoland",411,Legoland,"412-Airport",412,Airport
214,"501-Gear",501,Gear,"732-Clocks and Watches",732,Clocks and Watches
32,"408-LEGO Brand Store",408,LEGO Brand Store,"410-Pick A Model",410,Pick A Model
2,"507-Educational and Dacta",507,Educational and Dacta,"511-Building Set with People",511,Building Set with People
10,"52-City",52,City,"614-Jungle",614,Jungle
22,"50-Town",50,Town,"106-City Center",106,City Center
31,"504-Duplo",504,Duplo,"626-Bob the Builder",626,Bob the Builder
16,"504-Duplo",504,Duplo,"661-Little Robots",661,Little Robots
28,-,,,"439-Power Miners",439,Power Miners
669,-,,,"501-Gear",501,Gear
136,-,,,"254-Bulk Bricks",254,Bulk Bricks
56,-,,,"502-Games",502,Games
44,-,,,"600-Elves",600,Elves
7,-,,,"397-Factory",397,Factory
17,-,,,"442-Rock Raiders",442,Rock Raiders
16,-,,,"186-Castle",186,Castle
166,-,,,"610-Brickheadz",610,Brickheadz
19,"535-Collectible Minifigures",535,Collectible Minifigures,"550-The Simpsons Series 1",550,The Simpsons Series 1
8,"186-Castle",186,Castle,"189-Classic Castle",189,Classic Castle
996,-,,,"158-Star Wars",158,Star Wars
141,-,,,"440-Primo",440,Primo
59,-,,,"693-Monkie Kid",693,Monkie Kid
19,"535-Collectible Minifigures",535,Collectible Minifigures,"536-Series 1 Minifigures",536,Series 1 Minifigures
19,"535-Collectible Minifigures",535,Collectible Minifigures,"557-DFB Minifigures",557,DFB Minifigures
3,"186-Castle",186,Castle,"191-Dark Forest",191,Dark Forest
6,"50-Town",50,Town,"88-Launch Command",88,Launch Command
4,-,,,"671-Forma",671,Forma
3,"186-Castle",186,Castle,"203-Wolfpack",203,Wolfpack
2,"507-Educational and Dacta",507,Educational and Dacta,"523-Samsonite",523,Samsonite
109,"458-Sports",458,Sports,"462-Soccer",462,Soccer
18,"458-Sports",458,Sports,"461-Hockey",461,Hockey
3,"504-Duplo",504,Duplo,"639-Sofia the First",639,Sofia the First
2,-,,,"317-Avatar: The Last Airbender",317,Avatar: The Last Airbender
44,"258-Mindstorms",258,Mindstorms,"259-NXT",259,NXT
40,"518-Mindstorms",518,Mindstorms,"521-WeDo",521,WeDo
86,"632-Town",632,Town,"650-Legoville",650,Legoville
7,"754-Disney",754,Disney,"638-Jake and the Never Land Pirates",638,Jake and the Never Land Pirates
5,"529-Technic",529,Technic,"531-eLAB",531,eLAB
14,"695-Super Heroes DC",695,Super Heroes DC,"701-Superman",701,Superman
17,"186-Castle",186,Castle,"195-Fright Knights",195,Fright Knights
31,"411-Legoland",411,Legoland,"423-Vehicle",423,Vehicle
19,"535-Collectible Minifigures",535,Collectible Minifigures,"552-Series 14 Minifigures",552,Series 14 Minifigures
17,"1-Technic",1,Technic,"20-Throwbot Slizer",20,Throwbot Slizer
6,"507-Educational and Dacta",507,Educational and Dacta,"526-Soft Bricks",526,Soft Bricks
31,"571-Legends of Chima",571,Legends of Chima,"572-Speedorz",572,Speedorz
10,"497-Books",497,Books,"498-Technic",498,Technic
19,"535-Collectible Minifigures",535,Collectible Minifigures,"553-The Simpsons Series 2",553,The Simpsons Series 2
16,"186-Castle",186,Castle,"188-Black Knights",188,Black Knights
154,"408-LEGO Brand Store",408,LEGO Brand Store,"409-Monthly Mini Model Build",409,Monthly Mini Model Build
212,"497-Books",497,Books,"760-Activity Books",760,Activity Books
11,"126-Space",126,Space,"133-Ice Planet 2002",133,Ice Planet 2002
28,"126-Space",126,Space,"129-Blacktron II",129,Blacktron II
11,"307-Aquazone",307,Aquazone,"310-Aquaraiders II",310,Aquaraiders II
17,"304-Alpha Team",304,Alpha Team,"305-Mission Deep Sea",305,Mission Deep Sea
25,"507-Educational and Dacta",507,Educational and Dacta,"518-Mindstorms",518,Mindstorms
21,"507-Educational and Dacta",507,Educational and Dacta,"534-Universal Building Set",534,Universal Building Set
5,"591-Juniors",591,Juniors,"593-Disney Princess",593,Disney Princess
531,"365-System",365,System,"371-Supplemental",371,Supplemental
152,"443-Service Packs",443,Service Packs,"453-Technic",453,Technic
51,"158-Star Wars",158,Star Wars,"171-Ultimate Collector Series",171,Ultimate Collector Series
16,"504-Duplo",504,Duplo,"658-Dino",658,Dino
185,-,,,"22-Creator",22,Creator
34,-,,,"400-Hero Factory",400,Hero Factory
68,-,,,"604-Dimensions",604,Dimensions
33,-,,,"578-The LEGO Movie",578,The LEGO Movie
105,-,,,"390-Fabuland",390,Fabuland
110,-,,,"605-Nexo Knights",605,Nexo Knights
53,-,,,"273-Studios",273,Studios
18,-,,,"278-Model Team",278,Model Team
33,-,,,"405-Homemaker",405,Homemaker
9,-,,,"682-Trolls: World Tour",682,Trolls: World Tour
104,-,,,"398-FIRST LEGO League",398,FIRST LEGO League
92,-,,,"688-DOTS",688,DOTS
92,"233-Train",233,Train,"235-4.5V",235,"4.5V"
21,"52-City",52,City,"57-Farm",57,Farm
21,"535-Collectible Minifigures",535,Collectible Minifigures,"677-Disney Series 2",677,Disney Series 2
20,"535-Collectible Minifigures",535,Collectible Minifigures,"684-DC Super Heroes",684,DC Super Heroes
30,-,,,"364-Building Set with People",364,Building Set with People
3,-,,,"680-Stranger Things",680,Stranger Things
16,"535-Collectible Minifigures",535,Collectible Minifigures,"715-Marvel Series 1",715,Marvel Series 1
49,-,,,"608-Disney",608,Disney
38,-,,,"749-Dreamzzz",749,Dreamzzz
9,"304-Alpha Team",304,Alpha Team,"306-Mission Deep Freeze",306,Mission Deep Freeze
14,"258-Mindstorms",258,Mindstorms,"262-EV3",262,EV3
11,-,,,"747-Sonic The Hedgehog",747,Sonic The Hedgehog
5,-,,,"763-Despicable Me 4",763,Despicable Me 4
5,"504-Duplo",504,Duplo,"628-Dora the Explorer",628,Dora the Explorer
5,"591-Juniors",591,Juniors,"592-DC Comics Super Heroes",592,DC Comics Super Heroes
3,"258-Mindstorms",258,Mindstorms,"261-Star Wars",261,Star Wars
9,-,,,"724-Avatar",724,Avatar
1,"411-Legoland",411,Legoland,"415-Coast Guard",415,Coast Guard
9,"504-Duplo",504,Duplo,"630-Marvel",630,Marvel
16,"535-Collectible Minifigures",535,Collectible Minifigures,"714-Looney Tunes",714,Looney Tunes
3,"279-4 Juniors",279,"4 Juniors","287-Spider-Man",287,Spider-Man
1,-,,,"764-The Legend of Zelda",764,The Legend of Zelda
50,-,,,"713-VIDIYO",713,VIDIYO
19,"754-Disney",754,Disney,"640-Disney Princess",640,Disney Princess
2,"207-Advent",207,Advent,"211-Castle",211,Castle
22,"207-Advent",207,Advent,"208-City",208,City
9,"518-Mindstorms",518,Mindstorms,"519-NXT",519,NXT
19,"535-Collectible Minifigures",535,Collectible Minifigures,"548-Series 12 Minifigures",548,Series 12 Minifigures
120,"52-City",52,City,"58-Fire",58,Fire
26,"22-Creator",22,Creator,"478-X-Pod",478,X-Pod
19,"535-Collectible Minifigures",535,Collectible Minifigures,"538-Series 3 Minifigures",538,Series 3 Minifigures
65,"233-Train",233,Train,"234-12V",234,"12V"
26,"411-Legoland",411,Legoland,"413-Building",413,Building
7,"608-Disney",608,Disney,"271-Prince of Persia",271,Prince of Persia
19,"535-Collectible Minifigures",535,Collectible Minifigures,"537-Series 2 Minifigures",537,Series 2 Minifigures
87,"507-Educational and Dacta",507,Educational and Dacta,"524-Service Packs",524,Service Packs
134,"501-Gear",501,Gear,"734-Magnets",734,Magnets
256,"22-Creator",22,Creator,"672-Creator 3-in-1",672,Creator 3-in-1
8,"307-Aquazone",307,Aquazone,"308-Aquanauts",308,Aquanauts
53,"465-Universal Building Set",465,Universal Building Set,"470-Classic Basic",470,Classic Basic
45,"400-Hero Factory",400,Hero Factory,"401-Heroes",401,Heroes
37,"112-Racers",112,Racers,"114-Ferrari",114,Ferrari
43,"411-Legoland",411,Legoland,"416-Construction",416,Construction
50,"206-Seasonal",206,Seasonal,"229-Easter",229,Easter
21,"561-The Hobbit and Lord of the Rings",561,The Hobbit and Lord of the Rings,"566-The Lord of the Rings",566,The Lord of the Rings
17,"1-Technic",1,Technic,"19-Supplemental",19,Supplemental
34,"608-Disney",608,Disney,"687-Frozen",687,Frozen
20,"535-Collectible Minifigures",535,Collectible Minifigures,"622-Series 18 Minifigures",622,Series 18 Minifigures
25,"52-City",52,City,"65-Arctic",65,Arctic
25,"535-Collectible Minifigures",535,Collectible Minifigures,"656-Harry Potter and Fantastic Beasts Series 1",656,Harry Potter and Fantastic Beasts Series 1
42,"578-The LEGO Movie",578,The LEGO Movie,"670-The LEGO Movie II",670,The LEGO Movie II
100,"501-Gear",501,Gear,"731-Bag and Luggage Tags",731,Bag and Luggage Tags
16,"504-Duplo",504,Duplo,"647-Castle",647,Castle
97,-,,,"507-Educational and Dacta",507,Educational and Dacta
8,-,,,"387-Discovery",387,Discovery
33,-,,,"591-Juniors",591,Juniors
59,-,,,"425-Legoland Parks",425,Legoland Parks
572,-,,,"435-Ninjago",435,Ninjago
195,-,,,"408-LEGO Brand Store",408,LEGO Brand Store
4,-,,,"463-Spybotics",463,Spybotics
74,-,,,"668-Scala",668,Scala
2,-,,,"560-Universe",560,Universe
19,"126-Space",126,Space,"144-UFO",144,UFO
29,"1-Technic",1,Technic,"16-RoboRiders",16,RoboRiders
52,"22-Creator",22,Creator,"204-Designer Sets",204,Designer Sets
12,"535-Collectible Minifigures",535,Collectible Minifigures,"546-Team GB",546,Team GB
19,"535-Collectible Minifigures",535,Collectible Minifigures,"611-Series 17 Minifigures",611,Series 17 Minifigures
147,-,,,"577-Minecraft",577,Minecraft
13,-,,,"669-Overwatch",669,Overwatch
28,"52-City",52,City,"744-Stuntz",744,Stuntz
20,"535-Collectible Minifigures",535,Collectible Minifigures,"681-Series 19 Minifigures",681,Series 19 Minifigures
38,-,,,"719-BrickLink Designer Program",719,BrickLink Designer Program
16,"535-Collectible Minifigures",535,Collectible Minifigures,"743-Series 24 Minifigures",743,Series 24 Minifigures
4,"591-Juniors",591,Juniors,"597-Ninjago",597,Ninjago
4,"411-Legoland",411,Legoland,"424-Western",424,Western
9,"411-Legoland",411,Legoland,"420-Hospital",420,Hospital
9,"186-Castle",186,Castle,"201-Royal Knights",201,Royal Knights
8,"696-Super Heroes Marvel",696,Super Heroes Marvel,"707-X-Men",707,X-Men
19,"324-Bionicle",324,Bionicle,"341-Playsets",341,Playsets
14,-,,,"302-Agents",302,Agents
17,-,,,"386-Dinosaurs",386,Dinosaurs
5,-,,,"258-Mindstorms",258,Mindstorms
33,"507-Educational and Dacta",507,Educational and Dacta,"509-SPIKE",509,SPIKE
6,-,,,"270-Ben 10",270,Ben 10
10,-,,,"689-Minions",689,Minions
3,"307-Aquazone",307,Aquazone,"309-Aquaraiders I",309,Aquaraiders I
1,"233-Train",233,Train,"241-Supplemental",241,Supplemental
1,-,,,"307-Aquazone",307,Aquazone
13,"504-Duplo",504,Duplo,"664-Toolo",664,Toolo
5,-,,,"458-Sports",458,Sports
18,"754-Disney",754,Disney,"635-Winnie the Pooh",635,Winnie the Pooh
15,"207-Advent",207,Advent,"209-Star Wars",209,Star Wars
6,"754-Disney",754,Disney,"633-Toy Story",633,Toy Story
2,"207-Advent",207,Advent,"213-Clikits",213,Clikits
11,"1-Technic",1,Technic,"18-Star Wars",18,Star Wars
96,"465-Universal Building Set",465,Universal Building Set,"473-Supplemental",473,Supplemental
67,"22-Creator",22,Creator,"673-Creator Expert",673,Creator Expert
26,"296-Adventurers",296,Adventurers,"297-Desert",297,Desert
150,"497-Books",497,Books,"758-Non-fiction Books",758,Non-fiction Books
298,"507-Educational and Dacta",507,Educational and Dacta,"516-Duplo and Explore",516,Duplo and Explore
19,"535-Collectible Minifigures",535,Collectible Minifigures,"539-Series 4 Minifigures",539,Series 4 Minifigures
18,"147-Pirates",147,Pirates,"153-Pirates II",153,Pirates II
14,"186-Castle",186,Castle,"190-Dragon Knights",190,Dragon Knights
21,"126-Space",126,Space,"137-Mars Mission",137,Mars Mission
100,"608-Disney",608,Disney,"579-Disney Princess",579,Disney Princess
29,"279-4 Juniors",279,"4 Juniors","280-Jack Stone",280,Jack Stone
375,"497-Books",497,Books,"761-Activity Books with LEGO Parts",761,Activity Books with LEGO Parts
16,"52-City",52,City,"679-Mars Exploration",679,Mars Exploration
40,"50-Town",50,Town,"94-Town Jr.",94,Town Jr.
4,"504-Duplo",504,Duplo,"651-Pirates",651,Pirates
57,"365-System",365,System,"372-Town Plan",372,Town Plan
388,"504-Duplo",504,Duplo,"505-Basic Set",505,Basic Set
16,"50-Town",50,Town,"91-Race",91,Race
8,"696-Super Heroes Marvel",696,Super Heroes Marvel,"705-Iron Man",705,Iron Man
3,"504-Duplo",504,Duplo,"666-Zooters",666,Zooters
10,"504-Duplo",504,Duplo,"665-Western",665,Western
5,"504-Duplo",504,Duplo,"722-Jurassic World",722,Jurassic World
245,-,,,"52-City",52,City
65,-,,,"465-Universal Building Set",465,Universal Building Set
83,-,,,"500-Clikits",500,Clikits
183,-,,,"246-Harry Potter",246,Harry Potter
175,-,,,"598-Promotional",598,Promotional
462,-,,,"1-Technic",1,Technic
50,-,,,"206-Seasonal",206,Seasonal
19,-,,,"433-Minitalia",433,Minitalia
83,-,,,"576-LEGO Ideas and CUUSOO",576,LEGO Ideas and CUUSOO
16,-,,,"558-Monster Fighters",558,Monster Fighters
10,-,,,"437-Pharaoh's Quest",437,Pharaoh's Quest
35,-,,,"676-Hidden Side",676,Hidden Side
8,-,,,"304-Alpha Team",304,Alpha Team
19,"598-Promotional",598,Promotional,"728-McDonalds",728,McDonalds
5,"1-Technic",1,Technic,"17-Speed Slammers",17,Speed Slammers
5,"206-Seasonal",206,Seasonal,"207-Advent",207,Advent
20,"535-Collectible Minifigures",535,Collectible Minifigures,"692-Series 20 Minifigures",692,Series 20 Minifigures
37,"52-City",52,City,"66-Trains",66,Trains
71,-,,,"696-Super Heroes Marvel",696,Super Heroes Marvel
21,-,,,"683-LEGO Originals",683,LEGO Originals
4,"126-Space",126,Space,"145-Unitron",145,Unitron
18,-,,,"709-LEGO Art",709,LEGO Art
2,"273-Studios",273,Studios,"274-Jurassic Park III",274,Jurassic Park III
7,"365-System",365,System,"369-Jumbo Bricks",369,Jumbo Bricks
7,-,,,"233-Train",233,Train
8,-,,,"694-Brick Sketches",694,Brick Sketches
7,-,,,"748-Gabby's Dollhouse",748,Gabby's Dollhouse
3,-,,,"276-Sculptures",276,Sculptures
10,"126-Space",126,Space,"140-Space Police II",140,Space Police II
215,"365-System",365,System,"368-HO 1:87 Vehicles",368,HO 1:87 Vehicles
22,"535-Collectible Minifigures",535,Collectible Minifigures,"745-Disney 100",745,Disney 100
4,"22-Creator",22,Creator,"406-Inventor",406,Inventor
7,"697-Batman",697,Batman,"698-UCS",698,UCS
4,"207-Advent",207,Advent,"751-Marvel",751,Marvel
10,"706-Spider-Man",706,Spider-Man,"755-Spidey and His Amazing Friends",755,Spidey and His Amazing Friends
1,"207-Advent",207,Advent,"210-Belville",210,Belville
36,"186-Castle",186,Castle,"193-Fantasy Era",193,Fantasy Era
106,"233-Train",233,Train,"236-9V",236,"9V"
19,"535-Collectible Minifigures",535,Collectible Minifigures,"549-The LEGO Movie",549,The LEGO Movie
58,"507-Educational and Dacta",507,Educational and Dacta,"529-Technic",529,Technic
11,"126-Space",126,Space,"136-M:Tron",136,M:Tron
23,"535-Collectible Minifigures",535,Collectible Minifigures,"609-The LEGO Batman Movie Series 1",609,The LEGO Batman Movie Series 1
19,"535-Collectible Minifigures",535,Collectible Minifigures,"541-Series 6 Minifigures",541,Series 6 Minifigures
86,"186-Castle",186,Castle,"198-Knights Kingdom II",198,Knights Kingdom II
728,"501-Gear",501,Gear,"503-Key Chain",503,Key Chain
19,"535-Collectible Minifigures",535,Collectible Minifigures,"554-Series 15 Minifigures",554,Series 15 Minifigures
23,"535-Collectible Minifigures",535,Collectible Minifigures,"618-The LEGO Ninjago Movie",618,The LEGO Ninjago Movie
8,"591-Juniors",591,Juniors,"615-Cars",615,Cars
452,"50-Town",50,Town,"67-Classic Town",67,Classic Town
370,"504-Duplo",504,Duplo,"632-Town",632,Town
13,"50-Town",50,Town,"92-Res-Q",92,Res-Q
21,"50-Town",50,Town,"90-Paradisa",90,Paradisa
98,"696-Super Heroes Marvel",696,Super Heroes Marvel,"706-Spider-Man",706,Spider-Man
95,-,,,"318-Belville",318,Belville
58,-,,,"389-Exo-Force",389,Exo-Force
21,-,,,"559-Value Packs",559,Value Packs
732,-,,,"494-Friends",494,Friends
35,-,,,"269-Cars",269,Cars
103,-,,,"571-Legends of Chima",571,Legends of Chima
22,-,,,"275-Toy Story",275,Toy Story
52,-,,,"252-Architecture",252,Architecture
6,-,,,"606-Angry Birds",606,Angry Birds
75,"501-Gear",501,Gear,"730-Audio and Visual Media",730,Audio and Visual Media
143,-,,,"504-Duplo",504,Duplo
162,-,,,"690-Super Mario",690,Super Mario
12,-,,,"385-Dino Attack / Dino 2010",385,Dino Attack / Dino 2010
16,"535-Collectible Minifigures",535,Collectible Minifigures,"718-Series 22 Minifigures",718,Series 22 Minifigures
16,"535-Collectible Minifigures",535,Collectible Minifigures,"753-Series 25 Minifigures",753,Series 25 Minifigures
16,"126-Space",126,Space,"143-Supplemental",143,Supplemental
9,"52-City",52,City,"54-Cargo",54,Cargo
7,"276-Sculptures",276,Sculptures,"277-Mosaic",277,Mosaic
11,"50-Town",50,Town,"51-Arctic",51,Arctic
12,"50-Town",50,Town,"86-Divers",86,Divers
12,-,,,"617-DC Super Hero Girls",617,DC Super Hero Girls
10,-,,,"603-Scooby-Doo",603,Scooby-Doo
16,"535-Collectible Minifigures",535,Collectible Minifigures,"712-Series 21 Minifigures",712,Series 21 Minifigures
1,"155-Modular Buildings",155,Modular Buildings,"156-Mini",156,Mini
1,"50-Town",50,Town,"104-Town Plan",104,Town Plan
124,"696-Super Heroes Marvel",696,Super Heroes Marvel,"702-Avengers",702,Avengers
35,"458-Sports",458,Sports,"459-Basketball",459,Basketball
122,"301-Other",301,Other,"746-Database Sets",746,Database Sets
16,"535-Collectible Minifigures",535,Collectible Minifigures,"720-The Muppets",720,The Muppets
19,"535-Collectible Minifigures",535,Collectible Minifigures,"544-Series 9 Minifigures",544,Series 9 Minifigures
19,"535-Collectible Minifigures",535,Collectible Minifigures,"547-Series 11 Minifigures",547,Series 11 Minifigures
10,"147-Pirates",147,Pirates,"154-Pirates III",154,Pirates III
140,-,,,"301-Other",301,Other
21,"754-Disney",754,Disney,"506-Cars",506,Cars
4,"754-Disney",754,Disney,"627-Planes",627,Planes
351,"501-Gear",501,Gear,"733-Houseware",733,Houseware
88,"52-City",52,City,"56-Construction",56,Construction
163,"206-Seasonal",206,Seasonal,"227-Christmas",227,Christmas
23,"535-Collectible Minifigures",535,Collectible Minifigures,"711-The LEGO Batman Movie Series 2",711,The LEGO Batman Movie Series 2
8,"206-Seasonal",206,Seasonal,"231-Thanksgiving",231,Thanksgiving
204,"465-Universal Building Set",465,Universal Building Set,"467-Basic",467,Basic
27,"186-Castle",186,Castle,"199-Lion Knights",199,Lion Knights
25,"561-The Hobbit and Lord of the Rings",561,The Hobbit and Lord of the Rings,"562-The Hobbit",562,The Hobbit
23,"1-Technic",1,Technic,"21-Universal Building Set",21,Universal Building Set
46,"501-Gear",501,Gear,"741-Tabletop Games and Puzzles",741,Tabletop Games and Puzzles
19,"535-Collectible Minifigures",535,Collectible Minifigures,"543-Series 8 Minifigures",543,Series 8 Minifigures
21,"535-Collectible Minifigures",535,Collectible Minifigures,"555-Disney Series 1",555,Disney Series 1
19,"535-Collectible Minifigures",535,Collectible Minifigures,"556-Series 16 Minifigures",556,Series 16 Minifigures
18,"1-Technic",1,Technic,"3-Competition",3,Competition
21,"206-Seasonal",206,Seasonal,"232-Valentine",232,Valentine
82,"147-Pirates",147,Pirates,"148-Pirates I",148,Pirates I
14,"411-Legoland",411,Legoland,"417-Fire",417,Fire
5,"307-Aquazone",307,Aquazone,"313-Stingrays",313,Stingrays
15,"252-Architecture",252,Architecture,"253-Skylines",253,Skylines
8,"591-Juniors",591,Juniors,"595-Friends",595,Friends
11,"52-City",52,City,"64-Off-Road",64,Off-Road
99,"501-Gear",501,Gear,"735-Plush Toys",735,Plush Toys
38,"598-Promotional",598,Promotional,"157-Bricktober",157,Bricktober
47,"50-Town",50,Town,"105-World City",105,World City
18,"504-Duplo",504,Duplo,"631-Thomas & Friends",631,Thomas & Friends
73,"504-Duplo",504,Duplo,"634-Trains",634,Trains
23,"504-Duplo",504,Duplo,"663-Rattles",663,Rattles
207,-,,,"112-Racers",112,Racers
4,-,,,"590-Fusion",590,Fusion
78,-,,,"621-Classic",621,Classic
39,-,,,"535-Collectible Minifigures",535,Collectible Minifigures
13,-,,,"407-Island Xtreme Stunts",407,Island Xtreme Stunts
31,-,,,"434-Ninja",434,Ninja
26,-,,,"625-Unikitty!",625,Unikitty!
64,-,,,"599-LEGO Exclusive",599,LEGO Exclusive
22,-,,,"685-Galidor",685,Galidor
105,"126-Space",126,Space,"130-Classic Space",130,Classic Space
37,"22-Creator",22,Creator,"674-Early Creator",674,Early Creator
12,"126-Space",126,Space,"142-Spyrius",142,Spyrius
10,"126-Space",126,Space,"127-Alien Conquest",127,Alien Conquest
11,"465-Universal Building Set",465,Universal Building Set,"472-Gears",472,Gears
3,"591-Juniors",591,Juniors,"620-Jurassic World: Fallen Kingdom",620,Jurassic World: Fallen Kingdom
21,-,,,"432-Master Builder Academy",432,Master Builder Academy
60,-,,,"365-System",365,System
35,-,,,"50-Town",50,Town
65,"501-Gear",501,Gear,"738-Seasonal",738,Seasonal
16,"535-Collectible Minifigures",535,Collectible Minifigures,"725-Series 23 Minifigures",725,Series 23 Minifigures
66,-,,,"721-Icons",721,Icons
6,-,,,"126-Space",126,Space
9,-,,,"752-Animal Crossing",752,Animal Crossing
7,"504-Duplo",504,Duplo,"662-Princess Castle",662,Princess Castle
5,"50-Town",50,Town,"89-Outback",89,Outback
2,-,,,"654-The Powerpuff Girls",654,The Powerpuff Girls
22,"50-Town",50,Town,"93-Space Port",93,Space Port
1,"411-Legoland",411,Legoland,"414-Castle",414,Castle
44,"697-Batman",697,Batman,"708-The LEGO Batman Movie",708,The LEGO Batman Movie
3,"754-Disney",754,Disney,"629-Miles From Tomorrowland",629,Miles From Tomorrowland
4,"207-Advent",207,Advent,"214-Creator",214,Creator
36,"227-Christmas",227,Christmas,"228-Creator",228,Creator
13,"207-Advent",207,Advent,"216-Friends",216,Friends
18,"754-Disney",754,Disney,"641-Mickey & Friends",641,Mickey & Friends
